INSERT INTO Customer (Cid, Id_number, Fname, Lname, Tel, Email, cpassword) VALUES
('C0001', '1100100000001', 'Anan', 'Srisai', '0810000001', 'anan.s@mail.com', 'passC0001'),
('C0002', '1100100000002', 'Boonma', 'Rukdee', '0810000002', 'boonma.r@mail.com', 'passC0002'),
('C0003', '1100100000003', 'Chaiwat', 'Meemark', '0810000003', 'chaiwat.m@mail.com', 'passC0003'),
('C0004', '1100100000004', 'Duangjai', 'Saetang', '0810000004', 'duangjai.s@mail.com', 'passC0004'),
('C0005', '1100100000005', 'Ekkachai', 'Yingyong', '0810000005', 'ekkachai.y@mail.com', 'passC0005'),
('C0006', '1100100000006', 'Fah', 'Sairung', '0810000006', 'fah.s@mail.com', 'passC0006'),
('C0007', '1100100000007', 'Ganda', 'Wongsuwan', '0810000007', 'ganda.w@mail.com', 'passC0007'),
('C0008', '1100100000008', 'Hathai', 'Pornpan', '0810000008', 'hathai.p@mail.com', 'passC0008'),
('C0009', '1100100000009', 'Ittipol', 'Kwanjai', '0810000009', 'ittipol.k@mail.com', 'passC0009'),
('C0010', '1100100000010', 'Jariya', 'Somsak', '0810000010', 'jariya.s@mail.com', 'passC0010'),
('C0011', '1100100000011', 'Kitti', 'Rattanaporn', '0810000011', 'kitti.r@mail.com', 'passC0011'),
('C0012', '1100100000012', 'Ladda', 'Thongsuk', '0810000012', 'ladda.t@mail.com', 'passC0012'),
('C0013', '1100100000013', 'Mana', 'Chuvech', '0810000013', 'mana.c@mail.com', 'passC0013'),
('C0014', '1100100000014', 'Napa', 'Siriwat', '0810000014', 'napa.s@mail.com', 'passC0014'),
('C0015', '1100100000015', 'Orawan', 'Boonmee', '0810000015', 'orawan.b@mail.com', 'passC0015'),
('C0016', '1100100000016', 'Piti', 'Srichai', '0810000016', 'piti.s@mail.com', 'passC0016'),
('C0017', '1100100000017', 'Qwan', 'Manop', '0810000017', 'qwan.m@mail.com', 'passC0017'),
('C0018', '1100100000018', 'Rungrat', 'Deejai', '0810000018', 'rungrat.d@mail.com', 'passC0018'),
('C0019', '1100100000019', 'Santi', 'Suksan', '0810000019', 'santi.s@mail.com', 'passC0019'),
('C0020', '1100100000020', 'Tidarat', 'Prasert', '0810000020', 'tidarat.p@mail.com', 'passC0020'),
('C0021', '1100100000021', 'Udom', 'Chokdee', '0810000021', 'udom.c@mail.com', 'passC0021'),
('C0022', '1100100000022', 'Vipa', 'Saithong', '0810000022', 'vipa.s@mail.com', 'passC0022'),
('C0023', '1100100000023', 'Wanchai', 'Pumipak', '0810000023', 'wanchai.p@mail.com', 'passC0023'),
('C0024', '1100100000024', 'Xenia', 'Lertlam', '0810000024', 'xenia.l@mail.com', 'passC0024'),
('C0025', '1100100000025', 'Yupa', 'Sae-lee', '0810000025', 'yupa.s@mail.com', 'passC0025'),
('C0026', '1100100000026', 'Zid', 'Mala', '0810000026', 'zid.m@mail.com', 'passC0026'),
('C0027', '1100100000027', 'Preecha', 'Kerdphol', '0810000027', 'preecha.k@mail.com', 'passC0027'),
('C0028', '1100100000028', 'Malinee', 'Ubol', '0810000028', 'malinee.u@mail.com', 'passC0028'),
('C0029', '1100100000029', 'Surachai', 'Klao', '0810000029', 'surachai.k@mail.com', 'passC0029'),
('C0030', '1100100000030', 'Wilaipan', 'Inthra', '0810000030', 'wilaipan.i@mail.com', 'passC0030');



INSERT INTO Owner (OId, OPassword, Fname, Lname, Tel, Email) VALUES
('O0001', 'passO0001', 'Banyat', 'Srisuk', '0820000001', 'banyat.s@hotel.com'),
('O0002', 'passO0002', 'Chonlada', 'Pattana', '0820000002', 'chonlada.p@hotel.com'),
('O0003', 'passO0003', 'Damrong', 'Kiatyot', '0820000003', 'damrong.k@hotel.com'),
('O0004', 'passO0004', 'Ekapol', 'Siriwong', '0820000004', 'ekapol.s@hotel.com'),
('O0005', 'passO0005', 'Fahprai', 'Mekhala', '0820000005', 'fahprai.m@hotel.com'),
('O0006', 'passO0006', 'Gitsada', 'Ruammit', '0820000006', 'gitsada.r@hotel.com'),
('O0007', 'passO0007', 'Hansa', 'Rukthai', '0820000007', 'hansa.r@hotel.com'),
('O0008', 'passO0008', 'Ittara', 'Suwan', '0820000008', 'ittara.s@hotel.com'),
('O0009', 'passO0009', 'Jirayu', 'Lertlam', '0820000009', 'jirayu.l@hotel.com'),
('O0010', 'passO0010', 'Kornkan', 'Wongsa', '0820000010', 'kornkan.w@hotel.com'),
('O0011', 'passO0011', 'Lalin', 'Nimit', '0820000011', 'lalin.n@hotel.com'),
('O0012', 'passO0012', 'Montree', 'Sombat', '0820000012', 'montree.s@hotel.com'),
('O0013', 'passO0013', 'Narumol', 'Sookjai', '0820000013', 'narumol.s@hotel.com'),
('O0014', 'passO0014', 'Opart', 'Chaiyo', '0820000014', 'opart.c@hotel.com'),
('O0015', 'passO0015', 'Porntip', 'Saengdao', '0820000015', 'porntip.s@hotel.com'),
('O0016', 'passO0016', 'Qwanit', 'Prasong', '0820000016', 'qwanit.p@hotel.com'),
('O0017', 'passO0017', 'Ratchane', 'Piamsook', '0820000017', 'ratchane.p@hotel.com'),
('O0018', 'passO0018', 'Somsak', 'Yindee', '0820000018', 'somsak.y@hotel.com'),
('O0019', 'passO0019', 'Tanakorn', 'Bold', '0820000019', 'tanakorn.b@hotel.com'),
('O0020', 'passO0020', 'Umaporn', 'Klaewkla', '0820000020', 'umaporn.k@hotel.com'),
('O0021', 'passO0021', 'Vichai', 'Thongdee', '0820000021', 'vichai.t@hotel.com'),
('O0022', 'passO0022', 'Watsana', 'Boonsong', '0820000022', 'watsana.b@hotel.com'),
('O0023', 'passO0023', 'Xerox', 'Pimthai', '0820000023', 'xerox.p@hotel.com'),
('O0024', 'passO0024', 'Yingluck', 'Sae-tang', '0820000024', 'yingluck.s@hotel.com'),
('O0025', 'passO0025', 'Zonith', 'Sky', '0820000025', 'zonith.s@hotel.com'),
('O0026', 'passO0026', 'Preecha', 'Klongdee', '0820000026', 'preecha.k@hotel.com'),
('O0027', 'passO0027', 'Malai', 'Chuenjai', '0820000027', 'malai.c@hotel.com'),
('O0028', 'passO0028', 'Arthit', 'Sangsri', '0820000028', 'arthit.s@hotel.com'),
('O0029', 'passO0029', 'Busaba', 'Homhuan', '0820000029', 'busaba.h@hotel.com'),
('O0030', 'passO0030', 'Chainarong', 'Kiat', '0820000030', 'chainarong.k@hotel.com');


INSERT INTO Service (Sid, SName, Sprice) VALUES
('S0001', 'Breakfast Buffet', 350),
('S0002', 'Airport Transfer', 800),
('S0003', 'Late Check-out', 500),
('S0004', 'Extra Bed', 600),
('S0005', 'Laundry Service', 300),
('S0006', 'Mini Bar - Set A', 250),
('S0007', 'Mini Bar - Set B', 450),
('S0008', 'Spa & Traditional Massage', 1200),
('S0009', 'Swimming Pool Access', 100),
('S0010', 'Fitness Center Pass', 150),
('S0011', 'Room Cleaning (Extra)', 200),
('S0012', 'Valet Parking', 100),
('S0013', 'Car Rental (Daily)', 1500),
('S0014', 'Motorbike Rental', 300),
('S0015', 'Bicycle Rental', 100),
('S0016', 'City Tour Guide', 2000),
('S0017', 'Conference Room (Hr)', 1000),
('S0018', 'High-Speed Wi-Fi', 50),
('S0019', 'Pet Friendly Charge', 500),
('S0020', 'Baby Sitting Service', 800),
('S0021', 'Dinner Buffet', 599),
('S0022', 'Welcome Drink Special', 150),
('S0023', 'Fruit Basket', 350),
('S0024', 'Wine Bottle', 1200),
('S0025', 'Birthday Decoration', 1500),
('S0026', 'Shuttle Bus to Mall', 50),
('S0027', 'Morning Call Service', 0),
('S0028', 'Luggage Storage', 0),
('S0029', 'Dry Cleaning', 400),
('S0030', 'Afternoon Tea Set', 390);



INSERT INTO Task (Tid, TaskName, TaskType, Tdate, TStatus) VALUES
-- กลุ่ม Maintenance (Repair Washbasin Faucet)
('T0001', 'Repair Washbasin Faucet', 'Maintenance', '2026-02-25', 'Completed'),
('T0005', 'Repair Washbasin Faucet', 'Maintenance', '2026-02-26', 'In Progress'),
('T0009', 'Repair Washbasin Faucet', 'Maintenance', '2026-02-27', 'Pending'),
('T0013', 'Repair Washbasin Faucet', 'Maintenance', '2026-02-28', 'In Progress'),
('T0017', 'Repair Washbasin Faucet', 'Maintenance', '2026-03-01', 'Pending'),
('T0021', 'Repair Washbasin Faucet', 'Maintenance', '2026-03-03', 'Pending'),
('T0025', 'Repair Washbasin Faucet', 'Maintenance', '2026-03-04', 'Pending'),
('T0029', 'Repair Washbasin Faucet', 'Maintenance', '2026-03-06', 'Pending'),

-- กลุ่ม Maintenance (Air Conditioner Inspection)
('T0002', 'Air Conditioner Inspection', 'Maintenance', '2026-02-25', 'Completed'),
('T0006', 'Air Conditioner Inspection', 'Maintenance', '2026-02-26', 'In Progress'),
('T0010', 'Air Conditioner Inspection', 'Maintenance', '2026-02-27', 'Pending'),
('T0014', 'Air Conditioner Inspection', 'Maintenance', '2026-02-28', 'Pending'),
('T0018', 'Air Conditioner Inspection', 'Maintenance', '2026-03-02', 'Completed'),
('T0022', 'Air Conditioner Inspection', 'Maintenance', '2026-03-03', 'Pending'),
('T0026', 'Air Conditioner Inspection', 'Maintenance', '2026-03-04', 'Pending'),
('T0030', 'Air Conditioner Inspection', 'Maintenance', '2026-03-06', 'Pending'),

-- กลุ่ม service (Serve Basil Fried Rice)
('T0003', 'Serve Basil Fried Rice', 'service', '2026-02-25', 'Completed'),
('T0007', 'Serve Basil Fried Rice', 'service', '2026-02-26', 'Pending'),
('T0011', 'Serve Basil Fried Rice', 'service', '2026-02-27', 'Pending'),
('T0015', 'Serve Basil Fried Rice', 'service', '2026-03-01', 'Pending'),
('T0019', 'Serve Basil Fried Rice', 'service', '2026-03-02', 'Completed'),
('T0023', 'Serve Basil Fried Rice', 'service', '2026-03-03', 'Pending'),
('T0027', 'Serve Basil Fried Rice', 'service', '2026-03-05', 'Pending'),

-- กลุ่ม service (Deliver Extra Blanket)
('T0004', 'Deliver Extra Blanket', 'service', '2026-02-26', 'Completed'),
('T0008', 'Deliver Extra Blanket', 'service', '2026-02-26', 'Pending'),
('T0012', 'Deliver Extra Blanket', 'service', '2026-02-28', 'Completed'),
('T0016', 'Deliver Extra Blanket', 'service', '2026-03-01', 'Pending'),
('T0020', 'Deliver Extra Blanket', 'service', '2026-03-02', 'In Progress'),
('T0024', 'Deliver Extra Blanket', 'service', '2026-03-04', 'In Progress'),
('T0028', 'Deliver Extra Blanket', 'service', '2026-03-05', 'Pending');



INSERT INTO Room (Rid, RNum, RType, RDesc, RPrice, RStatus) VALUES
('R0001', '101', 'Standard', 'Single Bed, City View', 1000, 'Available'),
('R0002', '102', 'Standard', 'Double Bed, City View', 1200, 'Available'),
('R0003', '103', 'Standard', 'Single Bed, City View', 1000, 'Occupied'),
('R0004', '104', 'Standard', 'Double Bed, City View', 1200, 'Available'),
('R0005', '105', 'Standard', 'Single Bed, City View', 1000, 'Available'),
('R0006', '106', 'Standard', 'Double Bed, City View', 1200, 'Maintenance'),
('R0007', '107', 'Standard', 'Single Bed, City View', 1000, 'Available'),
('R0008', '108', 'Standard', 'Double Bed, City View', 1200, 'Occupied'),
('R0009', '109', 'Standard', 'Single Bed, City View', 1000, 'Available'),
('R0010', '110', 'Standard', 'Double Bed, City View', 1200, 'Available'),
('R0011', '201', 'Deluxe', 'Queen Bed, Pool View', 1800, 'Available'),
('R0012', '202', 'Deluxe', 'Queen Bed, Pool View', 1800, 'Available'),
('R0013', '203', 'Deluxe', 'Queen Bed, Pool View', 1800, 'Occupied'),
('R0014', '204', 'Deluxe', 'Twin Beds, Pool View', 1800, 'Available'),
('R0015', '205', 'Deluxe', 'Twin Beds, Pool View', 1800, 'Available'),
('R0016', '206', 'Deluxe', 'Queen Bed, Pool View', 1800, 'Available'),
('R0017', '207', 'Deluxe', 'Queen Bed, Pool View', 1800, 'Maintenance'),
('R0018', '208', 'Deluxe', 'Twin Beds, Pool View', 1800, 'Available'),
('R0019', '209', 'Deluxe', 'Twin Beds, Pool View', 1800, 'Occupied'),
('R0020', '210', 'Deluxe', 'Queen Bed, Pool View', 1800, 'Available'),
('R0021', '301', 'Suite', 'King Bed, Sea View, Balcony', 3500, 'Available'),
('R0022', '302', 'Suite', 'King Bed, Sea View, Balcony', 3500, 'Available'),
('R0023', '303', 'Suite', 'King Bed, Sea View, Balcony', 3500, 'Occupied'),
('R0024', '304', 'Suite', 'King Bed, Sea View, Balcony', 3500, 'Available'),
('R0025', '305', 'Suite', 'King Bed, Sea View, Balcony', 3500, 'Available'),
('R0026', '306', 'Suite', 'King Bed, Sea View, Balcony', 3500, 'Maintenance'),
('R0027', '307', 'Suite', 'King Bed, Sea View, Balcony', 3500, 'Available'),
('R0028', '308', 'Suite', 'King Bed, Sea View, Balcony', 3500, 'Occupied'),
('R0029', '309', 'Suite', 'King Bed, Sea View, Balcony', 3500, 'Available'),
('R0030', '310', 'Suite', 'King Bed, Sea View, Balcony', 3500, 'Available');




INSERT INTO Employee (EMPid, UPassword, Fname, Lname, User_Role, Email, Tel, OId) VALUES
('EMP0000000001', 'passE001', 'Malee', 'Jaiyen', 'Receptionist', 'malee.j@hotel.com', '0890000001', 'O0001'),
('EMP0000000002', 'passE002', 'Somsri', 'Rukdee', 'Housekeeper', 'somsri.r@hotel.com', '0890000002', 'O0002'),
('EMP0000000003', 'passE003', 'Wichai', 'Mankong', 'Manager', 'wichai.m@hotel.com', '0890000003', 'O0003'),
('EMP0000000004', 'passE004', 'Kanda', 'Somsakul', 'Receptionist', 'kanda.s@hotel.com', '0890000004', 'O0004'),
('EMP0000000005', 'passE005', 'Preecha', 'Klaikaew', 'Maintenance', 'preecha.k@hotel.com', '0890000005', 'O0005'),
('EMP0000000006', 'passE006', 'Aree', 'Saetang', 'Housekeeper', 'aree.s@hotel.com', '0890000006', 'O0006'),
('EMP0000000007', 'passE007', 'Nirut', 'Wong', 'Receptionist', 'nirut.w@hotel.com', '0890000007', 'O0007'),
('EMP0000000008', 'passE008', 'Boonmee', 'Tongsuk', 'Manager', 'boonmee.t@hotel.com', '0890000008', 'O0008'),
('EMP0000000009', 'passE009', 'Lawan', 'Pornsawan', 'Housekeeper', 'lawan.p@hotel.com', '0890000009', 'O0009'),
('EMP0000000010', 'passE010', 'Sompong', 'Dee', 'Maintenance', 'sompong.d@hotel.com', '0890000010', 'O0010'),
('EMP0000000011', 'passE011', 'Jitlada', 'Mee', 'Receptionist', 'jitlada.m@hotel.com', '0890000011', 'O0011'),
('EMP0000000012', 'passE012', 'Suchart', 'Jaidee', 'Housekeeper', 'suchart.j@hotel.com', '0890000012', 'O0012'),
('EMP0000000013', 'passE013', 'Wandee', 'Ruam', 'Receptionist', 'wandee.r@hotel.com', '0890000013', 'O0013'),
('EMP0000000014', 'passE014', 'Tawat', 'Sompong', 'Maintenance', 'tawat.s@hotel.com', '0890000014', 'O0014'),
('EMP0000000015', 'passE015', 'Suda', 'Naree', 'Manager', 'suda.n@hotel.com', '0890000015', 'O0015'),
('EMP0000000016', 'passE016', 'Pisit', 'Krai', 'Housekeeper', 'pisit.k@hotel.com', '0890000016', 'O0016'),
('EMP0000000017', 'passE017', 'Arporn', 'Som', 'Receptionist', 'arporn.s@hotel.com', '0890000017', 'O0017'),
('EMP0000000018', 'passE018', 'Chai', 'Wong', 'Maintenance', 'chai.w@hotel.com', '0890000018', 'O0018'),
('EMP0000000019', 'passE019', 'Ratree', 'Sook', 'Housekeeper', 'ratree.s@hotel.com', '0890000019', 'O0019'),
('EMP0000000020', 'passE020', 'Pongsak', 'Rak', 'Manager', 'pongsak.r@hotel.com', '0890000020', 'O0020'),
('EMP0000000021', 'passE021', 'Nida', 'Pim', 'Receptionist', 'nida.p@hotel.com', '0890000021', 'O0021'),
('EMP0000000022', 'passE022', 'Kosit', 'Man', 'Maintenance', 'kosit.m@hotel.com', '0890000022', 'O0022'),
('EMP0000000023', 'passE023', 'Sunisa', 'Yim', 'Housekeeper', 'sunisa.y@hotel.com', '0890000023', 'O0023'),
('EMP0000000024', 'passE024', 'Winai', 'Chot', 'Receptionist', 'winai.c@hotel.com', '0890000024', 'O0024'),
('EMP0000000025', 'passE025', 'Orathai', 'Pan', 'Manager', 'orathai.p@hotel.com', '0890000025', 'O0025'),
('EMP0000000026', 'passE026', 'Ekapop', 'Sri', 'Maintenance', 'ekapop.s@hotel.com', '0890000026', 'O0026'),
('EMP0000000027', 'passE027', 'Wilai', 'Korn', 'Housekeeper', 'wilai.k@hotel.com', '0890000027', 'O0027'),
('EMP0000000028', 'passE028', 'Anut', 'Por', 'Receptionist', 'anut.p@hotel.com', '0890000028', 'O0028'),
('EMP0000000029', 'passE029', 'Darunee', 'Rong', 'Maintenance', 'darunee.r@hotel.com', '0890000029', 'O0029'),
('EMP0000000030', 'passE030', 'Prateep', 'Sang', 'Housekeeper', 'prateep.s@hotel.com', '0890000030', 'O0030');



INSERT INTO Booking (Bid, BStatus, Bnum_people, Bcheckin_date, Bcheckout_date, Cid, BDate) VALUES
('B0001', 'Confirmed', 2, '2026-03-01', '2026-03-03', 'C0001', '2026-02-20'),
('B0002', 'Confirmed', 1, '2026-03-02', '2026-03-05', 'C0002', '2026-02-21'),
('B0003', 'Pending', 3, '2026-03-05', '2026-03-07', 'C0003', '2026-02-22'),
('B0004', 'Confirmed', 2, '2026-03-08', '2026-03-10', 'C0004', '2026-02-22'),
('B0005', 'Cancelled', 4, '2026-03-10', '2026-03-12', 'C0005', '2026-02-23'),
('B0006', 'Confirmed', 2, '2026-03-12', '2026-03-15', 'C0006', '2026-02-23'),
('B0007', 'Confirmed', 1, '2026-03-15', '2026-03-16', 'C0007', '2026-02-24'),
('B0008', 'Pending', 2, '2026-03-16', '2026-03-18', 'C0008', '2026-02-24'),
('B0009', 'Confirmed', 3, '2026-03-18', '2026-03-20', 'C0009', '2026-02-24'),
('B0010', 'Confirmed', 2, '2026-03-20', '2026-03-22', 'C0010', '2026-02-25'),
('B0011', 'Confirmed', 1, '2026-03-22', '2026-03-24', 'C0011', '2026-02-25'),
('B0012', 'Cancelled', 2, '2026-03-25', '2026-03-27', 'C0012', '2026-02-25'),
('B0013', 'Confirmed', 4, '2026-03-26', '2026-03-29', 'C0013', '2026-02-25'),
('B0014', 'Pending', 2, '2026-03-28', '2026-03-30', 'C0014', '2026-02-26'),
('B0015', 'Confirmed', 1, '2026-03-30', '2026-04-01', 'C0015', '2026-02-26'),
('B0016', 'Confirmed', 2, '2026-04-01', '2026-04-03', 'C0016', '2026-02-26'),
('B0017', 'Confirmed', 2, '2026-04-02', '2026-04-05', 'C0017', '2026-02-26'),
('B0018', 'Pending', 3, '2026-04-05', '2026-04-07', 'C0018', '2026-02-26'),
('B0019', 'Confirmed', 2, '2026-04-08', '2026-04-10', 'C0019', '2026-02-26'),
('B0020', 'Confirmed', 1, '2026-04-10', '2026-04-12', 'C0020', '2026-02-26'),
('B0021', 'Confirmed', 2, '2026-04-12', '2026-04-15', 'C0021', '2026-02-26'),
('B0022', 'Pending', 4, '2026-04-15', '2026-04-18', 'C0022', '2026-02-26'),
('B0023', 'Confirmed', 2, '2026-04-16', '2026-04-18', 'C0023', '2026-02-26'),
('B0024', 'Confirmed', 1, '2026-04-18', '2026-04-20', 'C0024', '2026-02-26'),
('B0025', 'Cancelled', 2, '2026-04-20', '2026-04-22', 'C0025', '2026-02-26'),
('B0026', 'Confirmed', 3, '2026-04-22', '2026-04-25', 'C0026', '2026-02-26'),
('B0027', 'Confirmed', 2, '2026-04-25', '2026-04-27', 'C0027', '2026-02-26'),
('B0028', 'Pending', 1, '2026-04-28', '2026-04-30', 'C0028', '2026-02-26'),
('B0029', 'Confirmed', 2, '2026-05-01', '2026-05-05', 'C0029', '2026-02-26'),
('B0030', 'Confirmed', 4, '2026-05-05', '2026-05-10', 'C0030', '2026-02-26');




INSERT INTO Employee_Task (EMPid, Tid) VALUES
('EMP0000000001', 'T0001'), ('EMP0000000002', 'T0002'), ('EMP0000000003', 'T0003'),
('EMP0000000004', 'T0004'), ('EMP0000000005', 'T0005'), ('EMP0000000006', 'T0006'),
('EMP0000000007', 'T0007'), ('EMP0000000008', 'T0008'), ('EMP0000000009', 'T0009'),
('EMP0000000010', 'T0010'), ('EMP0000000011', 'T0011'), ('EMP0000000012', 'T0012'),
('EMP0000000013', 'T0013'), ('EMP0000000014', 'T0014'), ('EMP0000000015', 'T0015'),
('EMP0000000016', 'T0016'), ('EMP0000000017', 'T0017'), ('EMP0000000018', 'T0018'),
('EMP0000000019', 'T0019'), ('EMP0000000020', 'T0020'), ('EMP0000000021', 'T0021'),
('EMP0000000022', 'T0022'), ('EMP0000000023', 'T0023'), ('EMP0000000024', 'T0024'),
('EMP0000000025', 'T0025'), ('EMP0000000026', 'T0026'), ('EMP0000000027', 'T0027'),
('EMP0000000028', 'T0028'), ('EMP0000000029', 'T0029'), ('EMP0000000030', 'T0030');



INSERT INTO Booking_Service (Bid, Sid) VALUES
('B0001', 'S0001'), ('B0002', 'S0002'), ('B0003', 'S0003'),
('B0004', 'S0004'), ('B0005', 'S0005'), ('B0006', 'S0006'),
('B0007', 'S0007'), ('B0008', 'S0008'), ('B0009', 'S0009'),
('B0010', 'S0010'), ('B0011', 'S0011'), ('B0012', 'S0012'),
('B0013', 'S0013'), ('B0014', 'S0014'), ('B0015', 'S0015'),
('B0016', 'S0016'), ('B0017', 'S0017'), ('B0018', 'S0018'),
('B0019', 'S0019'), ('B0020', 'S0020'), ('B0021', 'S0021'),
('B0022', 'S0022'), ('B0023', 'S0023'), ('B0024', 'S0024'),
('B0025', 'S0025'), ('B0026', 'S0026'), ('B0027', 'S0027'),
('B0028', 'S0028'), ('B0029', 'S0029'), ('B0030', 'S0030');



INSERT INTO Booking_Room (Bid, Rid) VALUES
('B0001', 'R0001'),
('B0002', 'R0002'),
('B0003', 'R0003'),
('B0004', 'R0004'),
('B0005', 'R0005'),
('B0006', 'R0006'),
('B0007', 'R0007'),
('B0008', 'R0008'),
('B0009', 'R0009'),
('B0010', 'R0010'),
('B0011', 'R0011'),
('B0012', 'R0012'),
('B0013', 'R0013'),
('B0014', 'R0014'),
('B0015', 'R0015'),
('B0016', 'R0016'),
('B0017', 'R0017'),
('B0018', 'R0018'),
('B0019', 'R0019'),
('B0020', 'R0020'),
('B0021', 'R0021'),
('B0022', 'R0022'),
('B0023', 'R0023'),
('B0024', 'R0024'),
('B0025', 'R0025'),
('B0026', 'R0026'),
('B0027', 'R0027'),
('B0028', 'R0028'),
('B0029', 'R0029'),
('B0030', 'R0030');





INSERT INTO Room_Task (Tid, Rid) VALUES
('T0001', 'R0001'), ('T0002', 'R0002'), ('T0003', 'R0003'),
('T0004', 'R0004'), ('T0005', 'R0005'), ('T0006', 'R0006'),
('T0007', 'R0007'), ('T0008', 'R0008'), ('T0009', 'R0009'),
('T0010', 'R0010'), ('T0011', 'R0011'), ('T0012', 'R0012'),
('T0013', 'R0013'), ('T0014', 'R0014'), ('T0015', 'R0015'),
('T0016', 'R0016'), ('T0017', 'R0017'), ('T0018', 'R0018'),
('T0019', 'R0019'), ('T0020', 'R0020'), ('T0021', 'R0021'),
('T0022', 'R0022'), ('T0023', 'R0023'), ('T0024', 'R0024'),
('T0025', 'R0025'), ('T0026', 'R0026'), ('T0027', 'R0027'),
('T0028', 'R0028'), ('T0029', 'R0029'), ('T0030', 'R0030');






